adi,kategori,email,telefon,website,sehir,durum,temas
Devadent Ağız ve Diş Sağlığı Polikliniği,Diş Kliniği,devadentbursa@yandex.com,+90 224 544 84 84,devadent.tr,Bursa,Contacted,email+phone+web
Özel KRUEZİ Ağız ve Diş,Diş Hekimi,krueziclinic@gmail.com,+90 224 262 66 66,krueziclinic.com,Bursa,Contacted,email+phone+web
Özel Bursa Yalı Dent,Diş Kliniği,info@bursayalident.com,+90 224 532 14 14,bursayalident.com,Bursa,Contacted,email+phone+web
Özel Mesam Mudanya,Diş Kliniği,info@mesambursa.com,+90 224 363 57 57,mesambursa.com,Mudanya,Contacted,email+phone+web
İŞEVİ Diş Kliniği,Diş Kliniği,,+90 224 223 03 63,isevi.com.tr,Bursa,New,phone+web
Dr. Figen Taşkan,Diş Hekimi,,+90 224 544 05 80,,Bursa,New,phone
Bülent Yağlıdere,Diş Hekimi,,+90 224 543 06 06,,Bursa,New,phone
Selçuk Gedik,Diş Hekimi,,+90 224 544 15 54,,Bursa,New,phone
Ürotaş Hayat Saç Ekim,Saç Ekim,,+90 224 222 13 50,urotashayattipmerkezi.com,Bursa,New,phone+web
Hayat Hastanesi Saç Ekim,Saç Ekim,,+90 224 225 08 50,,Bursa,New,phone
Yeliz Çalı Hair & Beauty,Saç Ekim,info@yelizcali.com,+90 533 709 33 43,yelizcali.com,Bursa,New,email+phone+web
Estetik International,Estetik,,+90 549 827 50 35,estetikinternational.com.tr,Bursa,New,phone+web
